{
  "unique_count": 3,

  "score_average": 4.33333333333333,

  "score_high": 6,

  "score_low": 3,

  "score_stdev": 1.24721912892465,

  "scores": { "50": 1, "34": 5, "100": 1 },

  "correct_count_average": 3.66666666666667,

  "incorrect_count_average": 5,

  "duration_average": 42.333333333
}
